00098;{'145': '2221', '595': '0010', '782': '2122', '667': '0002', '467': '0010', '272': '2210', '985': '2110', '270': '0001', '180': '2120', '787': '1011', '1018': '0100', '1019': '1000', '1118': '0101', '362': '0002', '728': '2222'}
00099;{'1191': '1001', '449': '2122', '268': '2222', '324': '2222', '992': '1220'}
00096;{'883': '0010', '1087': '0001', '455': '2222', '43': '0100', '454': '2222', '526': '0011', '40': '1001', '673': '2222', '75': '2212', '527': '0001', '520': '1001', '9': '0001'}
00097;{'751': '2210', '757': '2222', '140': '0101', '190': '0001', '52': '0100', '392': '0001', '416': '1001', '135': '0001', '68': '1000', '539': '2222', '538': '0001'}
00094;{'1143': '2122', '742': '2222', '1223': '1121', '745': '2222', '1121': '1122', '311': '2122', '1200': '0001', '192': '0001', '270': '0002', '114': '0002', '137': '0001', '277': '0002', '494': '2222', '1158': '0001', '1199': '2122', '955': '2122', '1197': '2122', '322': '0001', '400': '0001', '1016': '0002', '505': '0001', '1204': '2222', '571': '0002', '309': '2122', '440': '2222', '1091': '0002', '1092': '0002', '209': '0011', '442': '0001', '1156': '1121', '122': '0001', '123': '0001', '370': '1010', '504': '0001', '78': '0011', '282': '0001', '789': '1010', '536': '2222', '533': '0001', '436': '0001', '498': '1212', '435': '0001', '359': '0001'}
00095;{'322': '0100', '1097': '0001', '12': '0001', '257': '1000', '603': '2120', '30': '2112', '606': '2120', '43': '0100', '192': '0002'}
00092;{'1227': '0001', '1226': '0001', '514': '1010', '213': '2111', '763': '1001', '767': '0001', '333': '1002', '00093': '00018', '258': '2222', '130': '1000', '136': '0001', '135': '1102', '1192': '1100', '492': '0001', '1147': '2222', '692': '0010', '856': '0001', '873': '0001', '858': '0011', '859': '0001', '1071': '0001', '731': '0002', '180': '2122', '181': '0001', '735': '0001', '653': '0001', '342': '0100', '185': '1000', '1033': '0002', '930': '0101', '503': '0001', '934': '1110', '990': '1002', '1093': '0002', '465': '0011', '1031': '0100', '467': '1010', '1151': '0001', '671': '1000', '1014': '0001', '111': '0001', '1040': '0001', '661': '2222', '226': '0012', '764': '1001', '1020': '0002', '189': '0001', '1023': '0001', '17': '0001', '1186': '0001', '1066': '0001', '724': '0001', '722': '0001', '824': '0001', '826': '0010', '944': '0001', '926': '0100', '822': '0100', '883': '0001', '1234': '2122', '607': '0001', '559': '0011', '596': '0001', '599': '2111', '705': '2210', '889': '0001', '888': '0001', '550': '0001', '193': '1000', '392': '0001', '272': '2222', '238': '1012', '113': '2212', '1233': '0001', '837': '0001', '879': '1122', '838': '0001', '839': '0001', '1195': '2122', '43': '0001', '429': '0001', '915': '0100', '914': '1210', '422': '0001', '910': '1100', '586': '1002', '200': '0001', '145': '2222', '1232': '1121', '952': '2222', '999': '0002', '611': '2110', '778': '1011', '148': '0002', '446': '0001', '489': '0011', '370': '1102', '434': '0100', '1188': '0001', '845': '0002', '729': '0001', '842': '2111', '783': '2122', '946': '0001', '908': '0100', '788': '0100', '940': '0001', '941': '1001', '472': '2222', '473': '2221', '643': '0001', '354': '2110', '377': '1010', '1000': '0002', '510': '0001', '687': '1000', '479': '0100', '806': '0001', '804': '0001'}
00090;{'1234': '0001', '200': '1122', '1090': '1210', '1091': '0112', '590': '2222', '763': '0001', '1238': '0010', '987': '0100', '1089': '0001', '778': '0110', '260': '1012', '265': '2212', '177': '2212', '176': '1222', '589': '0001', '160': '0001', '161': '0001', '479': '1120', '1086': '1211', '874': '0001', '884': '2222', '1065': '0100', '1071': '0001', '7': '1222', '451': '2122', '370': '1000', '505': '0001', '912': '1212'}
00091;{'768': '0010', '875': '0001', '211': '0100', '667': '0001', '763': '2112', '767': '0001', '764': '1102', '1119': '0002', '1189': '2222', '870': '2221', '135': '0001', '134': '0001', '139': '1211', '1': '0001', '690': '0101', '21': '0100', '694': '0100', '695': '1210', '914': '1000', '300': '0100', '29': '1211', '762': '0001', '405': '0001', '4': '0002', '545': '0110', '281': '0001', '8': '0001', '283': '0001', '549': '0100', '348': '0002', '287': '0001', '286': '0001', '1095': '2222', '997': '2222', '1097': '2220', '990': '1002', '719': '0001', '965': '2122', '454': '0100', '714': '0110', '1098': '1221', '998': '2212', '673': '0100', '263': '0001', '121': '0001', '261': '0001', '267': '2222', '266': '2212', '265': '0001', '264': '0001', '128': '0001', '1103': '1000', '268': '0100', '364': '2220', '982': '1001', '59': '1211', '58': '1212', '57': '2212', '56': '0001', '50': '0001', '416': '0100', '913': '0001', '412': '0002', '413': '2222', '992': '0001', '370': '2212', '294': '2122', '361': '0110', '985': '1122', '1063': '0001', '538': '0001', '1234': '1001', '1085': '0001', '199': '0102', '594': '1211', '1080': '0002', '704': '0001', '598': '2121', '317': '1220', '1125': '1210', '893': '2122', '314': '2210', '115': '1002', '392': '0001', '272': '0001', '116': '1012', '274': '0100', '396': '2211', '395': '2121', '278': '0001', '279': '0001', '398': '0011', '119': '1012', '118': '0002', '770': '2222', '797': '2112', '796': '1220', '794': '1000', '836': '1010', '896': '0001', '791': '1001', '835': '0100', '256': '0001', '838': '0001', '897': '1000', '894': '0001', '799': '1110', '798': '1100', '428': '0100', '3': '0002', '1018': '2122', '1019': '0002', '359': '1011', '423': '1100', '422': '2221', '362': '2122', '833': '2112', '426': '0001', '586': '0001', '1235': '0102', '1191': '0101', '582': '0001', '1232': '0001', '443': '1001', '301': '0010', '1091': '0001', '1134': '0100', '381': '2221', '109': '1012', '241': '0012', '240': '2220', '243': '0001', '297': '1001', '103': '1012', '100': '0002', '248': '0001', '105': '1012', '784': '1102', '900': '1120', '729': '0001', '906': '0001', '781': '2122', '782': '0001', '244': '0001', '33': '0001', '32': '0001', '30': '0100', '788': '0001', '641': '1111', '643': '0001', '642': '0100', '1108': '0100', '648': '0001', '601': '0101', '376': '2221', '431': '0001', '1226': '2222', '579': '2110', '339': '1111', '626': '0001', '882': '0001', '1093': '0002', '242': '0001', '331': '0001', '455': '0100', '333': '0001', '60': '0001', '259': '0001', '844': '0002', '69': '2111', '250': '2122', '174': '1211', '173': '0001', '1192': '0001', '170': '0001', '854': '0001', '731': '0002', '385': '1221', '974': '2221', '859': '2122', '182': '2222', '183': '2220', '733': '2122', '181': '0001', '186': '2220', '508': '0101', '735': '0001', '1217': '2222', '189': '0010', '659': '0100', '752': '1111', '751': '0002', '1058': '0002', '1023': '0001', '468': '2222', '700': '2222', '562': '0001', '466': '1210', '98': '2211', '787': '2122', '1033': '0001', '1107': '0100', '226': '0001', '166': '0001', '92': '0001', '95': '2222', '94': '0001', '97': '2222', '163': '0001', '11': '0101', '868': '0001', '13': '0001', '1219': '2222', '15': '0102', '17': '0101', '822': '2122', '1186': '0001', '1184': '2221', '88': '2221', '867': '0001', '866': '0001', '1106': '0100', '727': '0001', '724': '0101', '725': '0001', '722': '2222', '935': '0011', '720': '0102', '947': '0001', '728': '2222', '275': '0001', '883': '0100', '801': '2122', '880': '0001', '559': '0101', '276': '0001', '603': '2012', '888': '1002', '551': '0001', '550': '1212', '553': '0001', '552': '2112', '1216': '2222', '237': '0001', '756': '2222', '1051': '0001', '1054': '0002', '993': '0001', '1056': '0002', '1057': '0002', '46': '0101', '45': '0001', '872': '0102', '809': '0001', '40': '0002', '41': '0001', '322': '2221', '808': '2122', '1115': '0001', '1116': '0001', '9': '0001', '1118': '2212', '759': '2122', '688': '0100', '1177': '2122', '147': '0001', '202': '1120', '771': '0001', '204': '1210', '773': '0001', '772': '0102', '1040': '0001', '351': '0110', '611': '1210', '779': '0001', '615': '2121', '489': '0100', '684': '1220', '486': '0012', '485': '0100', '434': '1002', '78': '0001', '1043': '0002', '1041': '0001', '512': '0011', '1047': '0002', '834': '0100', '732': '2222', '944': '0001', '122': '0001', '941': '1001', '473': '0001', '355': '0010', '354': '0011', '353': '2122', '352': '0110', '474': '2120', '475': '2221', '803': '2220', '124': '0001', '478': '1120', '1000': '2122', '683': '2210', '682': '2210'}
00016;{'1192': '1111', '212': '0001', '735': '0001', '762': '0010', '763': '1102', '662': '1001', '764': '0002', '660': '1001', '132': '0001', '130': '0001', '135': '0012', '134': '1000', '490': '0001', '1076': '0001', '288': '0001', '938': '0001', '810': '0001', '932': '0001', '937': '1001', '816': '0011', '994': '0010', '991': '1000', '990': '0001', '719': '1001', '1154': '1012', '676': '0002', '1098': '0002', '711': '0001', '767': '0001', '126': '0001', '129': '2120', '364': '2112', '594': '2220', '17': '0001', '1066': '0001', '928': '1000', '298': '1001', '413': '0001', '370': '2112', '292': '0001', '290': '0001', '822': '0002', '1234': '1001', '708': '1000', '709': '1000', '1080': '0002', '197': '1000', '893': '0001', '314': '2120', '89': '2222', '396': '2222', '398': '1010', '797': '0001', '837': '0001', '791': '1001', '835': '0001', '799': '2222', '428': '1002', '919': '0001', '522': '2110', '421': '1000', '1016': '1011', '1017': '2211', '424': '1012', '586': '0001', '582': '1010', '1232': '0001', '581': '0001', '443': '2222', '301': '2222', '1135': '0001', '240': '2210', '386': '0001', '297': '0001', '902': '1010', '901': '2210', '783': '1000', '36': '0010', '641': '1012', '518': '1011', '643': '0011', '642': '1102', '649': '2122', '510': '0001', '434': '0010', '376': '2220', '1002': '1010', '1000': '1002', '1226': '1220', '150': '1000', '331': '0001', '330': '0001', '333': '1001', '69': '0002', '255': '0001', '182': '2222', '974': '0010', '472': '0010', '970': '0010', '656': '0001', '657': '1001', '181': '1011', '186': '2122', '1033': '0001', '189': '0001', '1037': '0001', '658': '1001', '659': '2122', '468': '2121', '755': '1011', '202': '1000', '758': '0001', '462': '0010', '98': '1000', '844': '0002', '168': '0001', '984': '1010', '226': '0002', '225': '0001', '92': '0010', '95': '2222', '97': '1000', '10': '0001', '1023': '0002', '1189': '0001', '1115': '0002', '867': '0010', '727': '1222', '724': '0001', '725': '0001', '722': '1122', '723': '0001', '1101': '0002', '729': '0001', '882': '0002', '559': '0001', '889': '0002', '888': '0002', '550': '0012', '553': '0001', '731': '0002', '238': '0011', '935': '1111', '756': '1111', '1051': '1000', '993': '1122', '46': '1111', '875': '0001', '872': '2210', '730': '0001', '870': '0001', '41': '0110', '322': '1122', '320': '0001', '5': '0001', '1158': '0001', '715': '0001', '466': '1222', '205': '0001', '770': '1100', '896': '1000', '772': '2122', '475': '2122', '616': '0001', '148': '0001', '615': '0001', '72': '0001', '489': '0001', '673': '0001', '512': '0010', '834': '2222', '944': '1001', '943': '0011', '941': '0001', '357': '0001', '473': '0001', '809': '1000', '350': '0011', '478': '0011', '359': '0012'}
00017;{'882': '0002', '153': '0002', '1080': '0001', '450': '0010', '889': '0002', '1088': '0002', '330': '0001', '333': '0001', '660': '0010', '132': '0001', '89': '2120', '238': '0001', '135': '0001', '428': '1002', '233': '0010', '837': '0001', '791': '1122', '49': '2122', '839': '0001', '731': '0002', '730': '0011', '938': '0001', '735': '0002', '506': '0010', '1115': '0001', '189': '0001', '937': '0001', '816': '0012', '1103': '1120', '1234': '0001', '897': '1000', '443': '1100', '301': '0002', '662': '2120', '810': '2112', '297': '0001', '128': '0001', '101': '0010', '1069': '0001', '845': '0001', '1040': '0001', '1023': '0001', '1187': '0001', '944': '1001', '941': '1001', '357': '1111', '643': '0011', '722': '0001', '688': '2221', '298': '0001', '1101': '2221', '370': '0111', '1000': '0001', '359': '1102', '729': '0001'}
00014;{'150': '2222', '319': '0010', '156': '1000', '889': '0001', '1206': '1000', '1124': '2122', '777': '1012', '314': '1000', '131': '2212', '89': '0100', '135': '0001', '234': '1121', '941': '1011', '232': '0010', '233': '1122', '852': '2222', '695': '0010', '602': '1011', '662': '0100', '405': '2112', '344': '2112', '345': '2210', '462': '2212', '5': '1100', '492': '1000', '1117': '2220', '421': '0001', '367': '2210', '930': '0002', '815': '2222', '1013': '0011', '1234': '1001', '203': '0010', '635': '2122', '719': '0011', '465': '1102', '899': '2222', '1008': '2220', '616': '2120', '1135': '1002', '584': '1001', '297': '0001', '92': '0001', '791': '2122', '424': '0001', '379': '0001', '356': '0001', '809': '0010', '417': '1211', '1100': '2222', '413': '0001', '370': '1110', '1000': '0001', '419': '0002', '291': '0001'}
00015;{'1226': '0002', '1192': '2222', '339': '2212', '763': '1102', '767': '0001', '764': '1001', '63': '1000', '135': '0001', '1016': '1001', '174': '2220', '854': '1101', '690': '2121', '857': '1000', '1162': '0012', '853': '1000', '731': '0001', '657': '0001', '735': '0001', '545': '1212', '1033': '0001', '549': '2112', '889': '0001', '816': '0001', '408': '0100', '752': '2212', '990': '0002', '993': '1000', '1093': '0001', '1098': '0002', '673': '0001', '99': '2112', '98': '0001', '1040': '0002', '266': '2222', '91': '0001', '226': '0002', '95': '0001', '364': '1112', '97': '0001', '1235': '2220', '1027': '0010', '59': '2122', '17': '0001', '1187': '0001', '863': '1001', '414': '0100', '724': '0001', '725': '1010', '722': '1122', '720': '2222', '413': '0100', '297': '0001', '1013': '1001', '1184': '2222', '822': '0002', '601': '2122', '603': '0011', '747': '1010', '197': '1001', '888': '0001', '700': '2212', '550': '0001', '238': '0001', '398': '0011', '1000': '1002', '232': '0100', '833': '0001', '794': '1000', '792': '0010', '875': '0001', '1195': '0001', '355': '2112', '870': '2222', '322': '2122', '354': '0001', '1115': '0002', '420': '0001', '423': '2221', '422': '2222', '424': '0010', '994': '1221', '426': '0001', '1234': '0001', '410': '1102', '205': '2212', '204': '2222', '1232': '0001', '443': '2222', '301': '2122', '611': '0001', '149': '1011', '72': '0001', '370': '2111', '837': '0001', '900': '1001', '844': '0002', '944': '1002', '643': '0001', '642': '1010', '474': '1120', '350': '0001', '434': '0001', '729': '0001', '385': '2222'}
00012;{'181': '0001', '1115': '0001', '918': '1000', '755': '0010', '70': '2212', '443': '2120', '466': '2220'}
00013;{'1097': '0001', '719': '0010', '156': '2112', '443': '1120', '301': '1112', '715': '0010', '1124': '0002', '764': '0001', '462': '1010', '1033': '0001', '314': '2222', '902': '1101', '900': '0100', '791': '2211', '695': '1220', '978': '1000', '322': '1220', '643': '1000', '722': '0001', '522': '0100', '763': '0101', '370': '0100', '1017': '0010', '822': '0001'}
00010;{'1234': '0001', '1215': '0010', '157': '2222', '581': '2222', '443': '1120', '301': '0001', '676': '2122', '758': '1000', '1239': '1101', '126': '1001', '1115': '1222', '1218': '2122', '170': '1112', '782': '1010', '878': '2122', '835': '0010', '30': '2112', '941': '1000', '322': '0001', '722': '0001', '413': '2222', '296': '1212', '370': '1100', '715': '0010', '728': '1101'}
00011;{'1226': '0002', '991': '2222', '772': '1010', '301': '1000', '1178': '1000', '649': '0010', '96': '2210', '796': '2222', '837': '0001', '428': '1002', '46': '0001', '908': '1000', '909': '2222', '36': '0001', '799': '0010', '798': '2212', '518': '2110', '652': '0001', '1119': '0100', '186': '1000', '835': '1000', '659': '0010'}
00018;{'656': '1001', '153': '0001', '205': '2120', '1162': '1100', '993': '1110', '370': '1010', '443': '0010', '935': '1010', '1016': '2110', '660': '1010', '414': '0002', '657': '1010', '642': '1000', '994': '1000', '816': '1000', '129': '2122', '226': '0002', '364': '0100', '725': '1110', '424': '1110', '658': '1010'}
00019;{'1129': '0001', '618': '2222', '626': '2222', '897': '2222', '1205': '0001', '455': '0010', '672': '2212', '1103': '2222', '487': '2222', '398': '0001', '693': '2222', '21': '2220', '49': '0001', '944': '0001', '936': '0010', '688': '2222', '506': '2222', '370': '1100', '432': '2121', '1049': '2221', '359': '1011', '1000': '0001'}
00023;{'883': '0001', '1096': '0011', '888': '1002', '582': '0002', '198': '1000', '1163': '1000', '464': '1000', '350': '1001', '984': '0002', '99': '1112', '716': '1002', '598': '0002', '167': '1000', '248': '1000', '162': '1000', '163': '0001', '11': '1100', '10': '2122', '12': '2212', '780': '1000', '1156': '0010', '42': '2222', '859': '2120', '979': '2222', '34': '2222', '322': '0101', '583': '1000', '541': '2222', '1114': '2222', '509': '2222', '9': '2221', '370': '1002', '434': '1212', '285': '0010', '426': '2122'}
00022;{'590': '0011', '881': '0102', '880': '1012', '1083': '1122', '1144': '0100', '882': '0002', '704': '2111', '189': '0001', '197': '0001', '888': '0002', '942': '0001', '333': '0001', '392': '0001', '258': '2221', '130': '2222', '276': '2222', '67': '0001', '69': '0001', '237': '0101', '692': '2222', '731': '0002', '898': '2212', '1195': '0001', '1194': '1121', '431': '1121', '322': '0001', '845': '0002', '654': '0101', '968': '0100', '735': '0001', '221': '0001', '342': '0110', '325': '0001', '1033': '0001', '365': '0001', '503': '1101', '1166': '0110', '1000': '0002', '586': '0001', '774': '0101', '1156': '1111', '1093': '0001', '465': '0001', '464': '0001', '343': '0101', '713': '0001', '671': '1101', '871': '1001', '262': '2112', '247': '0010', '1040': '0001', '764': '1212', '370': '1012', '226': '0001', '13': '2222', '104': '0001', '39': '0012', '512': '0110', '843': '0102', '946': '0001', '908': '1111', '788': '1011', '473': '1121', '1114': '1002', '350': '0100', '510': '0101', '478': '1121', '682': '0001', '514': '1001', '729': '0001'}
00021;{'751': '0001', '708': '2122', '709': '2222', '719': '1100', '443': '0002', '1098': '0002', '676': '0001', '551': '0100', '1158': '2221', '615': '0001', '98': '0012', '68': '2112', '757': '0100', '251': '2112', '97': '0002', '756': '0010', '1189': '0001', '1115': '1122', '941': '1101', '416': '0001', '181': '0001', '722': '0001', '413': '0001', '932': '0001', '434': '0001'}
00020;{'604': '0100', '153': '0002', '882': '0002', '1168': '2222', '767': '0100', '133': '0002', '278': '2111', '791': '0001', '970': '1001', '1080': '0010', '731': '0001', '288': '1100', '540': '2222', '181': '0010', '1115': '2222', '544': '2111', '919': '1000', '283': '1100', '287': '2111', '286': '2111', '1234': '1001', '1213': '2222', '207': '2122', '1215': '2222', '443': '0010', '208': '2122', '715': '1011', '758': '2222', '290': '2111', '711': '1210', '1239': '1120', '126': '2112', '370': '0110', '220': '2221', '962': '2222', '1189': '0001', '292': '2111', '944': '0001', '1066': '2222', '928': '1000', '643': '0001', '539': '2111', '824': '1001', '924': '2222', '823': '2222', '538': '2122'}
00027;{'1096': '0002', '1083': '0100', '756': '0002', '905': '2122', '599': '2222', '858': '0001', '98': '1102', '179': '0001', '912': '0001', '913': '1001', '1000': '0100'}
00026;{'774': '0101', '881': '0102', '199': '2222', '1144': '2222', '465': '0001', '442': '0002', '610': '2122', '713': '0010', '617': '2222', '333': '0001', '392': '0001', '74': '0110', '488': '0010', '485': '0010', '490': '0001', '434': '0001', '221': '0001', '855': '0010', '1061': '2222', '807': '1122', '942': '1101', '1194': '1121', '104': '2212', '342': '2110', '343': '1100', '281': '2222', '370': '0010', '328': '2111', '1195': '0001', '285': '2112', '665': '1112', '1166': '2211', '431': '2222'}
00025;{'622': '0001', '881': '1002', '880': '0002', '559': '0001', '198': '1012', '891': '0001', '1195': '1112', '550': '0001', '392': '0001', '390': '0010', '276': '0001', '112': '0001', '83': '0111', '172': '0001', '84': '0011', '977': '1000', '855': '0001', '875': '0001', '858': '2111', '1194': '1121', '162': '1001', '915': '0001', '505': '0001', '425': '0001', '503': '1121', '913': '2222', '568': '1000', '569': '1011', '1083': '0001', '141': '0001', '465': '1102', '464': '0010', '1156': '0110', '566': '1000', '120': '0102', '74': '2110', '72': '2112', '106': '1012', '221': '0001', '1027': '0001', '1031': '1000', '949': '0001', '415': '1000', '411': '2111', '647': '2122', '530': '0001', '1210': '0001', '370': '1010', '432': '0002', '926': '2121', '431': '2222'}
00024;{'1232': '0001', '611': '1001', '199': '0001', '522': '0001', '207': '0001', '763': '0001', '677': '0001', '331': '0001', '552': '0002', '1195': '1121', '240': '0001', '1109': '2222', '72': '0001', '913': '2222', '559': '0010', '1000': '0001', '254': '2111', '411': '0001', '1031': '1011', '210': '2220', '32': '1100', '858': '0001', '926': '2121', '724': '0002', '492': '0001', '647': '2222', '915': '2211', '370': '1000', '934': '0001', '377': '0001', '477': '0001'}
00029;{'215': '2122', '1083': '0002', '942': '0101', '763': '1102', '764': '1000', '392': '0001', '274': '2222', '1033': '0100', '832': '1222', '385': '0001', '837': '0001', '875': '0001', '322': '2222', '553': '0001', '343': '0001', '353': '2220', '937': '0001', '477': '1120', '1234': '0102', '1192': '1122', '1093': '0100', '300': '2212', '442': '0001', '759': '2212', '714': '1002', '333': '0101', '510': '0001', '100': '0001', '687': '0010', '729': '0001', '1040': '0101', '15': '1012', '944': '1102', '788': '1000', '724': '0102', '722': '1012', '352': '2122', '351': '2122', '350': '0110', '370': '1112', '434': '0001', '822': '0102', '1184': '0100', '1000': '0001'}
00028;{'882': '0002', '215': '1112', '559': '0001', '1222': '0001', '1226': '0001', '763': '0102', '665': '0001', '331': '0001', '550': '0001', '333': '0001', '392': '0001', '274': '1000', '136': '0001', '135': '0102', '134': '0001', '1083': '1112', '398': '0001', '1192': '0102', '832': '0001', '837': '0001', '875': '0001', '322': '0002', '300': '0002', '735': '0001', '343': '0001', '1033': '0102', '937': '0001', '759': '2111', '913': '0001', '352': '2112', '586': '0001', '990': '0002', '1093': '0102', '465': '0001', '467': '0001', '611': '0001', '1234': '0102', '1040': '0102', '510': '0001', '729': '0001', '1187': '0001', '944': '0001', '942': '0101', '969': '0001', '724': '0102', '722': '1012', '477': '2121', '351': '2112', '370': '1112', '822': '1212', '1000': '1102'}
00038;{'622': '0002', '621': '0001', '627': '0001', '882': '0002', '573': '0010', '572': '0010', '1148': '0011', '888': '0001', '881': '1000', '702': '0002', '1136': '1222', '392': '0001', '117': '1010', '390': '2222', '252': '0100', '634': '2112', '866': '0100', '1146': '0011', '856': '0001', '971': '1122', '1059': '1000', '1075': '1000', '1072': '0001', '873': '1002', '666': '1010', '505': '0010', '1140': '1122', '503': '0001', '360': '2212', '1234': '1210', '776': '0001', '142': '0001', '990': '0002', '1068': '1222', '465': '1212', '1130': '1222', '786': '1000', '444': '0001', '76': '0001', '510': '0001', '1024': '1001', '1027': '1000', '14': '2122', '862': '0001', '1029': '1000', '1066': '0001', '644': '1121', '646': '1001', '370': '0001', '1160': '0011', '1230': '1000', '1001': '1000', '729': '0001'}
00039;{'216': '2122', '217': '2122', '621': '0001', '1141': '1122', '627': '0001', '338': '2122', '622': '0002', '573': '1011', '572': '0001', '571': '0011', '453': '1000', '576': '1000', '218': '2122', '219': '2122', '1136': '1000', '1224': '0001', '135': '0001', '67': '0001', '252': '1011', '1146': '0011', '949': '1002', '490': '0001', '254': '1010', '1222': '0001', '289': '2112', '1236': '0001', '851': '2121', '971': '2122', '1076': '0001', '1072': '0001', '1070': '0001', '107': '0001', '407': '2122', '654': '2121', '404': '0002', '652': '0001', '508': '0101', '343': '0002', '739': '0002', '738': '0002', '505': '0012', '1140': '0010', '503': '0001', '568': '0001', '569': '0001', '942': '0001', '570': '0011', '1137': '1221', '342': '0002', '560': '2122', '639': '2221', '1211': '1002', '563': '0002', '564': '1001', '565': '0001', '566': '0001', '567': '1001', '263': '1011', '1148': '0011', '1026': '0001', '702': '0002', '226': '0001', '225': '2222', '222': '2121', '221': '2122', '777': '0011', '966': '0012', '365': '0001', '1225': '1112', '494': '0002', '862': '0001', '1029': '1001', '1066': '0001', '892': '0001', '535': '0001', '534': '0011', '1096': '0100', '532': '0001', '412': '2110', '530': '0001', '1210': '0001', '370': '0001', '1160': '0010', '297': '0001', '293': '2112', '729': '0001', '740': '0002', '586': '0001', '881': '1001', '1185': '0001', '744': '0001', '1161': '0001', '746': '0002', '749': '0001', '889': '0001', '112': '0011', '1027': '1001', '608': '0011', '553': '1012', '1127': '1011', '1044': '0001', '392': '0001', '776': '0001', '276': '0001', '235': '2122', '83': '2121', '236': '2122', '230': '1002', '84': '0001', '85': '2122', '1194': '0001', '873': '1122', '465': '0002', '3': '1000', '918': '0002', '716': '0111', '366': '1000', '420': '2112', '845': '0001', '233': '0010', '277': '2122', '529': '0012', '360': '0010', '308': '0002', '584': '1122', '619': '2121', '1230': '1002', '143': '1000', '301': '0001', '610': '0001', '304': '1122', '882': '0002', '306': '0001', '307': '1001', '76': '0001', '108': '0002', '74': '0001', '1135': '0001', '1139': '1222', '488': '0011', '102': '1000', '1234': '1211', '249': '2112', '248': '0010', '902': '0001', '869': '1002', '786': '0011', '244': '0010', '944': '0001', '888': '0001', '849': '0001', '356': '1101', '470': '2121', '645': '2111', '1001': '1001', '647': '0010', '646': '1001', '510': '1001', '1209': '0001', '433': '1002', '990': '0002', '1238': '0002'}
00034;{'995': '2222', '1234': '0001', '627': '0001', '773': '2211', '637': '2222', '465': '2222', '1052': '0101', '552': '0001', '77': '0100', '76': '0011', '261': '2122', '65': '2212', '135': '0001', '277': '0010', '235': '0010', '225': '0002', '94': '0002', '236': '0010', '846': '2222', '795': '2222', '916': '2221', '1023': '0001', '933': '0001', '1186': '0001', '944': '0001', '37': '2222', '247': '0010', '941': '0100', '818': '0001', '638': '2222', '404': '2222', '403': '2221', '1000': '0100', '721': '2222', '825': '0100', '297': '0001', '817': '2222', '359': '0010', '471': '2221'}
00035;{'1119': '0001', '948': '0010', '210': '2222', '825': '0100', '888': '0001', '120': '0100', '920': '0100', '1105': '0001', '913': '2110', '32': '1000', '915': '2120', '811': '1120', '926': '0010', '1109': '2222'}
00036;{'724': '0001', '403': '1100', '66': '1000', '325': '0001', '612': '2120', '370': '0002', '721': '1000', '722': '2220', '1052': '2220'}
00037;{'627': '1112', '334': '1001', '333': '1012', '131': '2222', '65': '1001', '175': '2222', '1176': '2222', '491': '2222', '492': '2222', '731': '0002', '697': '2222', '1174': '1222', '1080': '0001', '28': '2120', '818': '0001', '345': '0001', '403': '0001', '4': '1000', '342': '0001', '933': '1111', '280': '1212', '930': '2122', '815': '2222', '817': '2122', '991': '2212', '717': '2222', '671': '0001', '711': '0010', '120': '1222', '378': '2122', '225': '2222', '220': '0001', '465': '2222', '1182': '1222', '1028': '2222', '866': '1012', '379': '2222', '33': '2222', '721': '1000', '370': '0012', '294': '1000', '291': '0001', '1128': '1222', '150': '0001', '319': '2111', '318': '2222', '600': '2222', '596': '0001', '158': '2222', '888': '0001', '1126': '2222', '392': '0001', '116': '0001', '238': '0011', '35': '2122', '234': '2222', '119': '0001', '231': '0012', '233': '0010', '831': '2221', '835': '2122', '877': '2222', '871': '0012', '428': '1001', '3': '2112', '1014': '2222', '1011': '1011', '1234': '1212', '774': '1011', '203': '2122', '776': '0001', '443': '0001', '1131': '1122', '1130': '0001', '1133': '2222', '148': '0001', '712': '2122', '380': '2222', '76': '1002', '247': '2112', '1135': '0111', '71': '1111', '1178': '2122', '483': '2222', '482': '2222', '38': '2222', '946': '2222', '944': '0100', '942': '1211', '849': '2222', '941': '1000', '470': '2121', '433': '1000', '476': '1122', '1008': '2222', '510': '0001', '512': '0001', '514': '0001'}
00030;{'586': '2112', '775': '0001', '881': '0001', '880': '2112', '557': '0002', '942': '1010', '433': '2122', '117': '0002', '1084': '0100', '1001': '0011', '1234': '0001', '1224': '1212', '687': '0010', '332': '0001', '911': '2212', '328': '0101', '492': '0001'}
00031;{'882': '1112', '620': '1001', '213': '0001', '762': '1000', '760': '2222', '628': '0111', '551': '0101', '550': '0001', '764': '1000', '332': '2222', '272': '0100', '448': '2122', '136': '1101', '389': '1000', '69': '0001', '1233': '2222', '1084': '2222', '839': '1212', '43': '2222', '938': '1212', '735': '0100', '651': '2221', '1224': '1120', '189': '1112', '937': '0101', '557': '2222', '1000': '0101', '586': '2222', '145': '0002', '1232': '0001', '1093': '0002', '239': '2222', '331': '1001', '467': '2222', '999': '2222', '330': '1111', '168': '0101', '127': '1112', '128': '1000', '226': '1122', '1234': '0102', '701': '1100', '845': '2222', '1040': '1102', '1020': '2122', '1022': '1222', '1036': '2112', '944': '0001', '942': '1012', '940': '0101', '724': '1000', '722': '1001', '1187': '0101', '370': '1111', '512': '0100', '433': '2222', '359': '0100', '729': '0101'}
00032;{'586': '1011', '882': '0001', '212': '0011', '735': '0001', '999': '1000', '467': '1000', '331': '0001', '330': '0001', '315': '1000', '239': '0011', '489': '1000', '127': '0001', '128': '1000', '226': '0001', '389': '1112', '1220': '0001', '1040': '0101', '1093': '0001', '43': '1000', '764': '0001', '473': '0001', '181': '0001', '722': '1122', '184': '2222', '1234': '1100', '506': '0010', '370': '1000', '189': '0002', '937': '0001', '433': '1121'}
00033;{'882': '0001', '210': '2220', '763': '1001', '889': '0002', '888': '1002', '663': '0001', '764': '0002', '996': '2222', '1123': '0112', '65': '0001', '797': '2210', '731': '0001', '795': '1000', '793': '0010', '773': '0001', '1215': '0010', '1072': '0001', '978': '2110', '818': '2220', '638': '2220', '1113': '2222', '404': '0002', '403': '2212', '811': '2222', '916': '2222', '1122': '1112', '1000': '0100', '995': '1121', '981': '1000', '719': '0001', '637': '2220', '612': '2222', '413': '0002', '1098': '0001', '1052': '2222', '825': '2222', '297': '0001', '91': '2222', '225': '0012', '1234': '1222', '94': '2220', '96': '0001', '465': '2222', '846': '0001', '1023': '0001', '1189': '0011', '1186': '1222', '37': '0101', '1183': '1122', '1105': '2222', '721': '2222', '920': '2212', '370': '1212', '822': '0001', '515': '0001', '359': '1011', '927': '2121'}
00049;{'568': '1212', '586': '0001', '570': '1001', '563': '2220', '143': '2222', '625': '1221', '624': '2222', '465': '0001', '749': '0011', '562': '2220', '440': '1000', '608': '0001', '553': '0010', '393': '2220', '392': '1010', '743': '2220', '72': '0100', '138': '2222', '230': '2220', '84': '0010', '493': '2222', '1198': '2222', '691': '2220', '566': '1000', '972': '2222', '953': '1222', '503': '0001', '726': '0100', '313': '2222', '530': '0001', '436': '2222', '370': '0010', '504': '1222', '505': '0001', '523': '2220', '430': '0010'}
00048;{'568': '2222', '1142': '2220', '336': '2222', '154': '2222', '312': '0100', '453': '2222', '766': '0010', '190': '0010', '566': '1000', '576': '2222', '74': '0100', '124': '2220', '72': '0100', '386': '0100', '495': '2220', '765': '0010', '257': '0011', '493': '0101', '786': '0010', '691': '0001', '850': '2222', '143': '0002', '1231': '2122', '44': '0110', '967': '0011', '523': '2220', '436': '2222', '548': '2220', '422': '0001', '1201': '0001'}
00041;{'1106': '2222', '603': '2221', '1107': '2222', '46': '0100', '301': '0100', '1184': '0010', '998': '1010', '941': '0001', '322': '0010', '392': '1000', '1115': '1122', '1190': '2222', '296': '0100', '370': '0100', '1108': '2222'}
00040;{'1128': '0010', '1141': '1120', '1146': '0010', '338': '0001', '210': '0001', '882': '0001', '573': '1010', '572': '0010', '571': '0010', '576': '1000', '333': '0001', '132': '0001', '1137': '1121', '252': '1002', '173': '0001', '254': '1122', '1161': '0010', '289': '0010', '851': '0001', '852': '0001', '28': '2212', '3': '2122', '248': '1000', '344': '0011', '345': '0001', '405': '2122', '2': '0100', '735': '0001', '4': '2122', '508': '0002', '763': '0001', '931': '0010', '189': '0001', '815': '1221', '1148': '0010', '899': '1210', '888': '0100', '849': '0100', '1100': '1212', '785': '2122', '465': '2222', '677': '0001', '673': '0001', '120': '0001', '261': '0010', '1109': '0010', '169': '1000', '225': '2122', '1127': '0012', '95': '2110', '869': '1000', '10': '0001', '1027': '0001', '17': '0001', '1029': '0001', '535': '0001', '417': '0102', '532': '0010', '298': '0001', '413': '0001', '370': '1001', '294': '1011', '616': '0001', '293': '0011', '291': '0001', '151': '0002', '150': '0102', '1160': '0011', '198': '0010', '1080': '0101', '112': '0010', '1124': '2210', '1126': '0010', '553': '0010', '731': '0001', '115': '0010', '392': '0001', '116': '1122', '35': '0100', '277': '1122', '235': '0010', '236': '0010', '119': '1001', '231': '2122', '1024': '1000', '233': '2222', '959': '0100', '1052': '0011', '1230': '1120', '1193': '1121', '1192': '0001', '954': '0101', '956': '0100', '560': '1010', '526': '0010', '1105': '0002', '5': '0100', '1117': '1212', '407': '0010', '9': '0001', '420': '0012', '654': '0010', '529': '0010', '308': '0010', '144': '0001', '619': '0010', '142': '0001', '583': '0001', '1133': '0011', '613': '0001', '1131': '0002', '1008': '1222', '304': '0010', '1135': '1122', '77': '1122', '76': '0001', '108': '0010', '109': '1010', '240': '2110', '1139': '1220', '297': '0001', '103': '0010', '1234': '2222', '249': '0010', '478': '0001', '105': '0010', '263': '0001', '786': '2122', '780': '0010', '949': '1000', '1130': '0001', '32': '0001', '1132': '0001', '942': '0001', '404': '2122', '941': '1111', '645': '0010', '352': '1000', '351': '1000', '646': '0010', '279': '0010', '510': '0010', '434': '0001', '479': '2111', '515': '0001', '1000': '0001'}
00043;{'1156': '0001', '334': '0100', '571': '0001', '570': '0001', '575': '0001', '137': '0002', '65': '0100', '135': '0001', '1209': '0001', '173': '1220', '172': '2222', '493': '0001', '693': '0001', '975': '0002', '694': '0100', '1080': '0001', '28': '0100', '3': '0100', '818': '0100', '733': '0001', '404': '0100', '4': '0100', '737': '0001', '1094': '0001', '504': '2222', '505': '0001', '889': '0001', '817': '0100', '568': '2222', '997': '0010', '1216': '0010', '522': '0101', '636': '1000', '1093': '0001', '560': '0100', '562': '0100', '714': '1100', '461': '1210', '261': '1100', '124': '1212', '125': '2222', '91': '0100', '94': '0100', '221': '0001', '966': '1001', '967': '1001', '960': '2222', '54': '1121', '563': '0001', '1185': '0001', '864': '0001', '921': '1102', '294': '0100', '418': '2212', '1184': '0010', '741': '0001', '1167': '0011', '199': '0001', '66': '2221', '891': '0011', '982': '0001', '1121': '0001', '311': '0100', '707': '0001', '1200': '2211', '392': '0011', '440': '2222', '119': '0012', '1199': '1002', '958': '1002', '795': '0100', '793': '0100', '490': '0001', '526': '1100', '527': '0100', '918': '1011', '324': '0100', '916': '0100', '302': '1100', '913': '0100', '361': '0100', '308': '0100', '147': '0010', '758': '0001', '1172': '0011', '140': '2222', '301': '0001', '441': '2222', '303': '2120', '307': '0001', '386': '1000', '370': '1112', '655': '0010', '484': '0110', '944': '0001', '471': '0001', '430': '0001', '1000': '0002'}
00042;{'1232': '0001', '1234': '1001', '1085': '1011', '339': '0100', '763': '0001', '337': '1212', '888': '0001', '317': '2222', '550': '0001', '764': '0001', '314': '0100', '135': '0001', '601': '0001', '322': '0001', '837': '0001', '695': '2222', '46': '0100', '1192': '0001', '416': '2212', '731': '0001', '443': '2220', '5': '0001', '509': '1000', '1033': '0001', '931': '1011', '505': '2221', '586': '0001', '585': '2222', '770': '0001', '719': '0001', '1093': '0001', '209': '2222', '301': '1112', '245': '1011', '489': '0001', '370': '0011', '92': '2212', '1040': '0001', '1187': '0001', '57': '2222', '724': '0001', '722': '0002', '297': '0001', '434': '0001', '822': '0001', '944': '0001', '1000': '0001'}
00045;{'1050': '0010', '803': '2212', '338': '1212', '924': '2212', '715': '0100', '758': '1010', '1168': '0010', '289': '1220', '288': '0100', '540': '1000', '919': '2212', '287': '0101', '278': '0100', '1159': '2222', '283': '0100', '538': '2210', '292': '2210', '293': '1220', '290': '1110', '286': '0100'}
00044;{'623': '2222', '622': '2222', '621': '2222', '875': '0001', '1146': '1220', '243': '2210', '625': '2222', '624': '2212', '572': '1210', '1148': '1222', '453': '2222', '766': '2222', '576': '0010', '575': '2222', '574': '2222', '1142': '1002', '135': '0001', '67': '1211', '336': '2111', '495': '2222', '138': '0002', '172': '1000', '171': '2212', '493': '0101', '856': '0001', '691': '2222', '850': '2222', '1144': '0001', '971': '1221', '862': '0001', '858': '2121', '1070': '0001', '1222': '2222', '655': '2222', '737': '2222', '297': '0001', '504': '2222', '1030': '2222', '767': '0001', '503': '0001', '409': '0001', '568': '2222', '569': '2220', '1210': '0001', '570': '1120', '634': '2222', '636': '2222', '465': '0001', '561': '2212', '1157': '0001', '563': '0001', '566': '2222', '190': '2222', '121': '1000', '122': '0011', '1230': '2211', '124': '2222', '125': '0100', '264': '2110', '269': '2212', '765': '2222', '548': '2222', '118': '1000', '1024': '2222', '967': '2222', '961': '1000', '840': '2222', '1029': '2222', '166': '1000', '415': '2120', '411': '2222', '371': '0001', '370': '1000', '750': '2222', '538': '0001', '590': '0001', '743': '2222', '1160': '2122', '154': '2212', '747': '0001', '312': '2222', '310': '0100', '1201': '2222', '608': '0001', '702': '2222', '1202': '2222', '392': '0001', '390': '2212', '53': '2222', '276': '0001', '83': '1001', '235': '2210', '236': '2211', '399': '1211', '84': '1112', '1231': '1101', '1053': '2222', '1054': '0001', '1055': '2222', '1057': '1012', '951': '2222', '1059': '2222', '44': '2222', '45': '1000', '873': '2222', '257': '1001', '666': '1211', '325': '1111', '528': '2212', '523': '1001', '360': '1001', '1139': '0001', '1156': '1221', '142': '0010', '143': '2212', '1130': '0002', '1136': '0001', '1185': '2221', '244': '2220', '108': '1000', '74': '2222', '72': '2112', '386': '2212', '242': '2210', '973': '2222', '567': '2222', '106': '1001', '1072': '1212', '847': '2222', '786': '2222', '841': '1101', '381': '0001', '1212': '0001', '645': '0101', '647': '1212', '436': '2220', '1196': '0001', '435': '0001', '953': '2222', '430': '1001'}
00047;{'1129': '0010', '1192': '1000', '971': '0100', '1165': '2222', '337': '1000', '707': '0110', '317': '2220', '1194': '0010', '259': '0010', '278': '0010', '279': '0010', '118': '0010', '301': '1210', '1106': '1000', '931': '1000', '694': '2212', '525': '0010', '1058': '2220', '1075': '0010', '1013': '1000', '172': '0012', '406': '2212', '508': '2210', '613': '2210', '695': '2210', '283': '0010', '505': '2221', '287': '0010', '361': '1000', '585': '2220', '906': '2221', '286': '0010', '209': '2220', '208': '0001', '302': '0100', '1206': '0010', '998': '1010', '245': '1000', '121': '0010', '125': '0001', '370': '1000', '1132': '0010', '165': '0002', '92': '2220', '183': '0010', '163': '2222', '868': '0010', '15': '0002', '781': '0001', '296': '0100', '57': '1000', '862': '0010', '928': '0010', '1107': '1000', '416': '1000', '436': '0001', '684': '2222', '295': '2211', '1108': '1000', '1000': '1001'}
00046;{'568': '1000', '623': '0010', '856': '2111', '857': '0002', '702': '2122', '51': '2222', '53': '2222', '854': '1111', '1212': '1121', '430': '0001', '410': '0011', '553': '1002', '737': '2222', '370': '0010', '1196': '0001', '503': '2221', '500': '0100', '516': '2111'}
00058;{'769': '1121', '668': '1021', '335': '1001', '577': '2122', '457': '0001', '60': '0100', '62': '2112', '63': '2110', '179': '2110', '178': '2122', '429': '0100', '160': '2222', '346': '2122', '347': '2121', '187': '2120', '983': '2222', '188': '2121', '282': '1001', '402': '0001', '631': '2120', '1234': '0001', '1090': '0100', '990': '0001', '986': '2222', '6': '2222', '463': '0010', '987': '2222', '111': '0010', '229': '1220', '228': '2120', '164': '0001', '1228': '1000', '223': '2221', '812': '2212', '1025': '1100', '505': '1120', '271': '2210', '55': '2210', '860': '2222', '865': '2122', '415': '1001', '370': '1100', '820': '0001', '591': '2222', '590': '2222', '988': '2222', '989': '2222', '748': '0010', '749': '0010', '609': '0010', '550': '0001', '392': '0010', '397': '0100', '394': '2211', '82': '2210', '80': '2212', '81': '0002', '1091': '0011', '48': '1010', '790': '2222', '874': '1112', '43': '0100', '1': '2222', '7': '2222', '369': '2220', '366': '0010', '917': '2211', '427': '0001', '912': '0001', '890': '2122', '200': '1002', '1173': '2222', '1171': '1122', '1170': '2221', '447': '2122', '778': '2212', '588': '2122', '589': '2110', '384': '1000', '614': '2121', '102': '0001', '485': '0001', '1134': '0002', '513': '0111', '784': '1002', '903': '0110', '905': '2220', '1086': '0100', '964': '0100', '517': '0010', '1077': '2220', '511': '0100', '1005': '0001', '432': '2122', '805': '0001'}
00059;{'1143': '0010', '214': '2111', '769': '0001', '668': '2222', '335': '0111', '572': '1011', '452': '0001', '577': '2222', '767': '2212', '333': '0001', '574': '1011', '62': '0002', '63': '0002', '179': '0001', '67': '0001', '177': '0001', '988': '0102', '977': '0010', '1': '0002', '223': '2222', '1074': '2122', '1075': '0001', '1071': '0001', '1205': '1111', '346': '0101', '347': '1002', '187': '0002', '401': '2122', '6': '0001', '281': '0001', '738': '0001', '504': '0001', '505': '1122', '937': '0001', '284': '2112', '1091': '0011', '402': '2222', '631': '0101', '1097': '0001', '678': '0001', '679': '0001', '903': '1111', '465': '0001', '609': '0100', '509': '2112', '670': '1122', '565': '1121', '987': '0002', '122': '1100', '1203': '1000', '229': '1222', '228': '1112', '164': '0001', '166': '0110', '1228': '0002', '160': '0101', '188': '0001', '11': '0001', '986': '0102', '55': '2222', '18': '0101', '1044': '1100', '865': '2122', '936': '2112', '415': '0002', '1102': '2121', '614': '0002', '530': '0002', '397': '2121', '827': '1001', '912': '0001', '820': '0001', '110': '0001', '591': '0002', '590': '1012', '607': '0001', '989': '2222', '1095': '1122', '748': '0001', '983': '0102', '191': '1102', '608': '1220', '1025': '2121', '392': '0011', '111': '0100', '275': '1011', '394': '2212', '279': '2111', '80': '0002', '81': '1002', '84': '1012', '990': '0001', '833': '2121', '1232': '0001', '48': '0112', '790': '2120', '1005': '0001', '874': '0102', '45': '0010', '524': '0001', '521': '0002', '369': '0001', '366': '2111', '917': '0101', '365': '2111', '425': '0010', '427': '0001', '828': '0001', '882': '0001', '200': '0001', '812': '2222', '1173': '1210', '1172': '0012', '1171': '1112', '1170': '0001', '442': '0001', '447': '0002', '778': '0101', '306': '0001', '444': '0001', '245': '0010', '1007': '0001', '382': '0001', '1163': '1121', '588': '0112', '386': '1001', '370': '1011', '102': '2111', '485': '1001', '1134': '0002', '107': '1012', '79': '1000', '1060': '0012', '784': '2122', '869': '0100', '1056': '0010', '905': '2221', '860': '0102', '964': '0100', '689': '2111', '1077': '2222', '685': '0010', '513': '1112', '432': '2122', '430': '0001'}
00052;{'406': '2222', '505': '0010'}
00053;{'590': '1010', '1170': '1210', '577': '1110', '447': '2220', '767': '1001', '1229': '0111', '987': '2221', '228': '1000', '81': '1000', '160': '0001', '917': '0100', '11': '0002', '55': '1000', '223': '1000', '1228': '0111', '1': '1000', '347': '1100', '401': '2210', '509': '1000', '370': '0010', '188': '1000', '505': '1000', '432': '1212'}
00050;{'568': '1001', '309': '0100', '1156': '1121', '570': '0001', '601': '0001', '1157': '2222', '440': '1001', '575': '0001', '1160': '0001', '259': '2222', '495': '2222', '634': '0001', '505': '0001', '973': '1220', '961': '2222', '1058': '0100', '44': '0100', '848': '2222', '1159': '1121', '543': '0100', '347': '0001', '829': '0001', '548': '2222', '435': '2222', '953': '1222'}
00051;{'216': '0100', '217': '0100', '214': '2222', '1141': '0100', '1236': '1222', '218': '0100', '219': '0100', '137': '2221', '135': '0001', '494': '2122', '495': '0001', '1196': '1211', '490': '2222', '493': '0101', '322': '0001', '26': '2221', '1079': '0001', '1076': '2222', '1074': '0102', '1070': '1100', '407': '2221', '345': '0100', '402': '0001', '400': '2112', '281': '0011', '548': '0001', '571': '1000', '918': '2222', '869': '2112', '1234': '0002', '991': '0001', '990': '0001', '1024': '1210', '675': '1100', '1156': '1221', '1027': '0100', '263': '0100', '122': '2222', '124': '0002', '575': '2222', '264': '1100', '55': '0100', '51': '0100', '415': '1101', '535': '2222', '417': '0002', '829': '2211', '532': '2221', '531': '2211', '530': '2211', '370': '1112', '827': '2222', '437': '0001', '418': '1211', '419': '2111', '926': '1000', '1135': '0100', '590': '0101', '891': '1001', '1120': '1112', '1065': '0001', '311': '0001', '707': '1000', '191': '2121', '190': '0001', '1127': '0100', '270': '2212', '392': '1122', '391': '0011', '276': '0001', '112': '2212', '252': '0100', '83': '0001', '444': '2222', '84': '1112', '85': '2222', '793': '0001', '790': '0100', '108': '0001', '1001': '0001', '526': '0001', '534': '2211', '521': '1210', '366': '1211', '365': '1212', '528': '2211', '529': '2211', '360': '1002', '828': '0100', '308': '2111', '1139': '0100', '303': '2212', '442': '2122', '302': '2212', '440': '0001', '304': '2221', '305': '2212', '306': '2222', '589': '0010', '245': '0100', '861': '0001', '382': '0001', '383': '1012', '445': '2222', '386': '1222', '297': '1001', '102': '1100', '307': '0102', '249': '2222', '107': '1102', '847': '0001', '905': '0001', '789': '2210', '498': '1122', '925': '1001', '1212': '2122', '643': '0001', '646': '2222', '511': '1011', '510': '0001', '435': '0001', '517': '0011', '605': '1122', '627': '0001', '625': '0001', '573': '2222', '572': '2222', '337': '1001', '570': '1222', '576': '0001', '333': '1101', '574': '2222', '62': '0100', '63': '0100', '66': '0001', '67': '1112', '177': '0001', '1209': '2222', '254': '2111', '1208': '2222', '289': '0100', '856': '0101', '857': '0100', '852': '0100', '858': '0001', '733': '0001', '1238': '1220', '737': '0010', '1204': '2221', '739': '2222', '738': '2222', '504': '2222', '505': '0001', '502': '0001', '503': '0011', '501': '2221', '568': '1222', '569': '2222', '1210': '1121', '196': '0011', '636': '1002', '465': '1222', '639': '1100', '562': '0102', '343': '0001', '564': '2222', '565': '2222', '566': '2221', '1200': '2221', '933': '0001', '1203': '2122', '225': '2222', '222': '0100', '221': '0100', '11': '0100', '868': '1000', '966': '2221', '1026': '2222', '14': '0100', '114': '2211', '19': '1210', '18': '1120', '1044': '1221', '865': '0002', '864': '1211', '866': '0001', '726': '2222', '936': '0100', '740': '2222', '741': '2222', '881': '0001', '1167': '1222', '744': '2222', '745': '0001', '746': '2222', '747': '0001', '748': '2222', '749': '2222', '889': '0001', '277': '2210', '608': '1222', '553': '2211', '1202': '0010', '1211': '1222', '279': '0012', '235': '2212', '236': '2211', '230': '0001', '1091': '0002', '1199': '1000', '958': '2211', '1057': '0100', '921': '2222', '44': '1120', '875': '0001', '954': '1220', '957': '2222', '956': '1001', '1': '0100', '560': '2222', '325': '1211', '1137': '0100', '201': '2222', '200': '0001', '892': '2212', '563': '2211', '142': '2212', '141': '2222', '779': '1001', '1207': '2122', '72': '1112', '488': '0001', '484': '2211', '481': '2222', '949': '2222', '1198': '0001', '355': '0100', '430': '1011', '950': '2222', '685': '2222', '681': '2112'}
00056;{'1234': '0001', '1115': '0100', '212': '1012', '1091': '0012', '1093': '0001', '443': '0100', '758': '0100', '767': '2222', '1239': '0100', '292': '0110', '123': '0001', '135': '0001', '181': '1012', '1066': '0100', '928': '0100', '794': '0100', '972': '0100', '783': '1000', '55': '1000', '924': '0100', '970': '0100', '925': '0100', '414': '0100', '450': '0002', '89': '0110', '919': '0100', '288': '0110', '185': '1001', '1102': '0100', '432': '0100', '424': '0100', '290': '0110'}
00057;{'590': '2222', '988': '2220', '989': '1010', '668': '0010', '983': '1220', '178': '1110', '577': '0010', '987': '1121', '1203': '1100', '62': '0010', '397': '0100', '394': '1220', '177': '0100', '1173': '1120', '80': '0010', '81': '0010', '833': '1000', '790': '2220', '160': '1001', '784': '1000', '1': '1222', '346': '2120', '6': '0001', '8': '0100', '812': '0101', '282': '0012', '890': '0101', '200': '0100', '1090': '0100', '1091': '0011', '1171': '0002', '1170': '0002', '986': '1120', '369': '1000', '447': '0100', '778': '1210', '588': '2220', '1095': '2110', '228': '1000', '223': '2211', '188': '1010', '79': '0100', '11': '0001', '905': '1210', '1086': '0100', '860': '1120', '865': '2110', '415': '1000', '370': '1110', '513': '1000', '432': '2120'}
00054;{'1164': '0112', '590': '0011', '607': '0100', '1048': '2122', '626': '0101', '211': '2222', '1169': '1222', '228': '2222', '577': '2110', '550': '0001', '333': '0011', '552': '0101', '394': '2120', '1192': '0001', '793': '0001', '23': '0100', '1005': '2221', '1163': '2212', '819': '2222', '347': '0012', '547': '0001', '401': '2111', '716': '1101', '812': '2122', '505': '0011', '341': '0012', '1099': '0100', '187': '1011', '631': '2212', '632': '1122', '1237': '0100', '771': '0100', '990': '1001', '1171': '0100', '206': '0100', '613': '1000', '369': '2121', '402': '2122', '767': '1001', '382': '2222', '229': '2222', '488': '2120', '485': '2121', '1134': '2112', '223': '1122', '917': '2210', '11': '2222', '1003': '0002', '904': '2212', '905': '0100', '55': '1010', '860': '0002', '790': '0001', '941': '1001', '964': '2222', '1060': '2222', '1007': '2122', '513': '1002', '1013': '1001', '432': '2222', '806': '0001', '358': '2222'}
00055;{'890': '1001', '1156': '0001', '1205': '2110', '749': '0010', '530': '2122', '779': '1010', '305': '0100', '463': '1100', '391': '2110', '70': '0100', '232': '1100', '847': '0010', '1056': '1000', '1070': '1100', '640': '1010', '347': '1000', '521': '2222', '675': '1000', '358': '0002', '505': '1001', '432': '2122', '820': '1122', '430': '0001', '828': '1210'}
00067;{'1234': '0002', '519': '0100', '842': '0011', '473': '0100', '43': '0100', '764': '0001', '472': '1220', '61': '0001', '724': '1001', '354': '1000', '148': '2212', '914': '2220', '370': '1012', '910': '2120'}
00066;{'605': '0001', '590': '0001', '607': '0010', '322': '2222', '155': '0001', '558': '0011', '882': '0002', '763': '1002', '980': '0100', '767': '0001', '1194': '0011', '63': '0100', '498': '1000', '166': '0001', '429': '2222', '1226': '0001', '837': '0100', '22': '0002', '698': '1102', '1192': '2222', '1195': '0001', '1104': '0001', '731': '0001', '340': '2110', '187': '0100', '736': '0002', '348': '2212', '427': '0001', '912': '1000', '630': '0001', '200': '1101', '771': '0010', '990': '0002', '1214': '0010', '976': '0100', '1155': '2120', '1098': '0001', '446': '1000', '148': '0012', '1134': '0001', '267': '0001', '385': '0001', '370': '2212', '100': '2210', '160': '0001', '11': '0001', '10': '0001', '13': '0001', '907': '1000', '17': '0012', '944': '1002', '788': '1000', '969': '0100', '724': '0002', '1': '0001', '722': '0002', '913': '0001', '350': '1012', '463': '1220', '434': '2212', '1004': '0100', '821': '1011', '1109': '0001'}
00065;{'578': '2222', '211': '2222', '763': '0001', '629': '0001', '1149': '0001', '331': '0011', '132': '0001', '64': '2222', '135': '0001', '24': '2122', '20': '2121', '885': '2112', '22': '0112', '543': '0001', '297': '0001', '699': '2111', '1073': '2222', '819': '0100', '1038': '2222', '546': '0001', '341': '0012', '736': '1121', '814': '1002', '889': '0001', '653': '0011', '990': '0002', '1092': '0002', '1093': '0001', '674': '2122', '1151': '1122', '1099': '1121', '1153': '0001', '267': '0001', '227': '0001', '93': '0001', '224': '0100', '1046': '2221', '964': '1210', '904': '2220', '17': '0012', '963': '0001', '1067': '1012', '349': '2112', '437': '2222', '722': '1012', '370': '1212', '372': '2212', '821': '1010', '539': '0100', '1164': '0001', '882': '0001', '606': '1111', '155': '2122', '886': '2112', '597': '0002', '599': '0001', '194': '2222', '197': '0102', '550': '0002', '192': '2220', '238': '0001', '87': '1002', '833': '0001', '1214': '0001', '1195': '1122', '322': '0001', '323': '0002', '368': '2112', '913': '0001', '1234': '0002', '587': '0001', '144': '2222', '1237': '2122', '1232': '0001', '206': '1211', '611': '0001', '148': '0102', '1150': '0001', '803': '0001', '383': '0001', '386': '0001', '387': '2122', '388': '2122', '1042': '0001', '842': '2222', '1045': '1012', '1048': '0101', '788': '0001', '519': '0001', '1188': '0001', '1007': '1220', '1006': '1000', '358': '1000', '1000': '0002'}
00064;{'605': '0001', '590': '0001', '768': '0001', '606': '0010', '155': '0001', '882': '0001', '197': '0101', '331': '0001', '550': '0002', '703': '0001', '64': '1211', '24': '0001', '20': '0002', '22': '2222', '1076': '0001', '698': '0001', '1195': '2222', '1071': '0001', '322': '0001', '1038': '2222', '358': '1000', '1033': '0001', '814': '2222', '889': '0002', '144': '0101', '1091': '0002', '1093': '0002', '674': '0010', '148': '0101', '382': '0001', '267': '0001', '437': '2222', '227': '0100', '160': '0001', '907': '0001', '844': '0002', '842': '2222', '17': '0012', '963': '1001', '944': '0001', '1067': '0001', '349': '1000', '472': '0100', '724': '0001', '722': '0010', '1188': '0001', '370': '1110', '434': '0001', '372': '2222', '1000': '0002'}
00063;{'1229': '2120', '592': '1100', '1091': '0010', '669': '0100', '976': '2210', '704': '0001', '763': '0001', '980': '0100', '463': '2222', '1228': '2120', '62': '0100', '63': '0100', '499': '2220', '370': '0010', '166': '0001', '429': '2222', '490': '0100', '922': '1000', '1': '0001', '1040': '0001', '1171': '2110', '23': '0100', '821': '0010', '698': '1000', '1192': '1210', '322': '1010', '1155': '2222', '724': '0001', '347': '2220', '805': '0101', '438': '0001', '803': '0100', '437': '0100', '434': '2110', '505': '0100', '502': '0100', '374': '0100', '500': '0100', '501': '0100'}
00062;{'458': '0100', '459': '0100', '768': '1011', '1192': '0001', '211': '0100', '763': '1102', '761': '1001', '331': '1011', '330': '1000', '333': '1001', '60': '0010', '62': '0100', '63': '1101', '64': '1220', '804': '0100', '69': '1000', '886': '1000', '24': '0001', '322': '0001', '224': '0100', '698': '1101', '1073': '2122', '1071': '1000', '182': '0100', '819': '1000', '1038': '1000', '1039': '1000', '340': '1000', '734': '1000', '736': '1120', '1032': '1000', '735': '0001', '882': '1002', '505': '0100', '348': '1002', '349': '1000', '1000': '1002', '990': '1002', '1214': '1210', '844': '0002', '465': '0100', '663': '1010', '677': '0010', '1151': '1121', '460': '0100', '767': '0001', '787': '1000', '267': '0002', '764': '1001', '1033': '0001', '226': '1112', '822': '0002', '703': '1100', '160': '0001', '94': '0001', '907': '2110', '964': '1000', '10': '0001', '1023': '1002', '17': '2211', '1022': '0001', '937': '1000', '731': '0001', '969': '0100', '537': '1000', '724': '1002', '722': '1122', '913': '1000', '920': '0001', '370': '2212', '372': '1000', '821': '0001', '539': '0100', '729': '0001', '1232': '0001', '590': '0010', '607': '2220', '56': '1010', '155': '2111', '558': '1010', '885': '1000', '1080': '0002', '704': '0001', '194': '2210', '197': '1110', '888': '1002', '551': '0001', '550': '2112', '193': '2211', '192': '2210', '88': '0010', '238': '0011', '110': '0100', '889': '0002', '237': '0001', '837': '1120', '879': '1000', '1093': '0001', '1195': '1000', '43': '0100', '870': '0001', '429': '1000', '321': '1000', '1104': '0001', '914': '0100', '427': '1000', '912': '1000', '586': '0001', '200': '1001', '144': '1001', '580': '0001', '1040': '0002', '1234': '0101', '446': '1000', '148': '2222', '244': '1000', '382': '1001', '383': '1000', '72': '0001', '297': '1001', '486': '0010', '1042': '0001', '845': '0002', '479': '0100', '843': '0001', '842': '2221', '904': '1101', '783': '0010', '944': '1000', '945': '0001', '941': '1011', '472': '1000', '473': '1210', '643': '0001', '354': '1001', '438': '2221', '803': '0111', '437': '2220', '434': '0001', '559': '0001', '880': '0001', '806': '2122', '359': '0012', '358': '1000'}
00061;{'605': '2222', '590': '1001', '1208': '0010', '668': '0001', '195': '2222', '763': '0001', '197': '0100', '570': '1001', '767': '0001', '969': '2122', '114': '0100', '62': '0100', '63': '0100', '498': '0102', '1093': '0002', '490': '1120', '990': '0002', '1079': '1122', '875': '0100', '1207': '0010', '741': '0010', '347': '0001', '735': '0001', '187': '0001', '739': '0010', '738': '0010', '505': '2222', '502': '2222', '980': '0100', '500': '0100', '501': '2222', '882': '0002', '200': '0002', '1236': '0001', '196': '2222', '298': '0001', '1092': '0002', '754': '2212', '465': '0112', '1098': '0001', '565': '0010', '511': '1001', '383': '2222', '912': '0001', '370': '1012', '226': '0001', '1234': '0001', '827': '0100', '481': '1101', '847': '0010', '10': '1010', '1040': '0001', '1188': '0001', '132': '0001', '944': '0001', '56': '0001', '865': '0001', '864': '0001', '726': '0010', '535': '0010', '532': '0010', '531': '2121', '439': '0100', '685': '2222', '437': '2222', '434': '0001', '358': '0100', '432': '1002', '517': '0001', '427': '0001'}
00060;{'587': '2120', '751': '0010', '155': '1220', '990': '1002', '597': '2120', '446': '2220', '764': '0001', '550': '1000', '267': '0111', '241': '2112', '1194': '0001', '100': '2222', '87': '0100', '340': '0002', '1043': '1110', '322': '1210', '1041': '1110', '1040': '0001', '1047': '1110', '1046': '0002', '17': '0101', '698': '2122', '1192': '1100', '1104': '0001', '519': '1010', '1110': '0012', '724': '0001', '354': '1000', '722': '0001', '653': '1010', '370': '1000', '1004': '2222', '348': '2222', '1000': '0001'}
00069;{'1234': '1101', '837': '0001', '944': '1101', '550': '0001', '193': '2222', '703': '2222', '724': '0001', '326': '0001', '327': '1001', '438': '2122', '370': '1112', '1000': '1102', '363': '2122', '359': '2112', '907': '2222'}
00068;{'1164': '1110', '882': '0001', '607': '0001', '195': '2220', '889': '0002', '1149': '0010', '331': '0001', '550': '0001', '64': '1000', '135': '0001', '734': '1002', '543': '2222', '838': '0001', '1093': '0002', '819': '1000', '546': '1002', '341': '1100', '349': '2212', '913': '1000', '327': '0001', '1234': '0001', '964': '2120', '632': '0001', '826': '0001', '1172': '1000', '206': '2121', '1099': '2120', '1134': '0100', '370': '1000', '1150': '0010', '90': '1112', '11': '0100', '1040': '0001', '1046': '0002', '904': '1111', '944': '0001', '1048': '1100', '969': '0001', '438': '1220', '297': '0001', '358': '1000', '437': '0010', '1003': '2222', '359': '0001', '1000': '0001'}
00100;{'833': '0110', '579': '2222', '1097': '1100', '59': '0101', '1232': '0101', '183': '2222', '1033': '0001', '803': '1100', '370': '1211', '1017': '2212', '1000': '1212'}
00070;{'1232': '0001', '1234': '1102', '837': '0001', '17': '0100', '944': '1101', '952': '0100', '722': '0100', '1009': '2222', '1104': '2222', '340': '2222', '327': '1001', '438': '1122', '1032': '2222', '370': '1112', '1000': '1102', '698': '2222', '804': '2222'}
00071;{'11': '0010', '327': '1000', '370': '0001', '56': '1000', '148': '2222', '547': '0001'}
00072;{'58': '1011', '1125': '0001', '333': '0001', '941': '0001', '323': '2220', '733': '0002', '732': '2222', '1019': '0001', '1000': '0001', '250': '1000', '682': '2122', '683': '2120', '837': '0001'}
00073;{'630': '2222', '1234': '0001', '844': '2222', '843': '2222', '990': '0001', '1093': '0002', '629': '2220', '50': '2222', '1229': '0010', '1228': '0010', '724': '0001', '438': '1122', '227': '2222', '370': '1111', '224': '1122', '806': '2110', '359': '2112', '1000': '0001'}
00074;{'724': '1001', '914': '2222', '370': '1000', '1093': '0002', '910': '2122', '148': '2220', '1000': '0001'}
00075;{'1043': '1000', '587': '1010', '751': '0110', '757': '0010', '837': '0001', '597': '1000', '1235': '0100', '944': '1101', '1234': '0002', '446': '2222', '316': '2222', '519': '1001', '1110': '1012', '354': '1010', '273': '0011', '241': '0102', '370': '1112', '100': '1000', '348': '1010', '1047': '1000', '359': '2110'}
00076;{'882': '0001', '606': '2222', '1188': '1222', '1023': '0001', '1080': '0001', '889': '0001', '1048': '1010', '330': '0100', '1134': '0001', '731': '0001', '1039': '0001', '438': '1011', '370': '0110', '1007': '1012', '437': '2212', '329': '0001', '359': '0101'}
00077;{'1232': '0001', '630': '2221', '592': '0110', '558': '0001', '735': '0002', '195': '2221', '197': '0001', '1006': '2222', '663': '0001', '330': '0102', '333': '0001', '731': '0002', '227': '1220', '889': '0002', '135': '0101', '226': '0001', '1093': '0002', '168': '0001', '1080': '0001', '1134': '0001', '990': '0002', '25': '0101', '27': '2222', '837': '0001', '323': '2222', '1150': '0112', '839': '0001', '542': '1010', '428': '0001', '939': '1112', '321': '0010', '326': '0010', '327': '1212', '1220': '2222', '297': '0001', '546': '2222', '329': '1012', '937': '0001', '629': '2222', '1012': '2222', '734': '2222', '586': '0001', '944': '0002', '1138': '1122', '298': '0001', '1092': '0002', '754': '2222', '551': '0001', '1234': '1102', '882': '0002', '148': '0001', '550': '0001', '1035': '2222', '1040': '0001', '267': '0001', '1153': '2122', '437': '1222', '128': '0012', '90': '1212', '224': '1122', '912': '0001', '845': '0002', '844': '2122', '843': '2122', '1188': '0001', '1023': '0001', '963': '1211', '31': '0010', '879': '0001', '50': '0001', '941': '0001', '1149': '1112', '724': '0001', '722': '0002', '1034': '2222', '438': '1222', '370': '1112', '1152': '2122', '826': '0001', '806': '1000', '359': '2112', '729': '0001'}
00078;{'753': '0100', '459': '1220', '152': '0011', '135': '0010', '1081': '0011', '884': '0001', '159': '1122', '451': '0001', '452': '1122', '556': '0101', '663': '0100', '330': '0100', '315': '0100', '61': '0112', '238': '0100', '65': '0100', '179': '0011', '82': '0001', '253': '1211', '255': '2212', '1111': '2222', '696': '0001', '1078': '0002', '1112': '0100', '838': '0100', '1093': '0002', '800': '0010', '1071': '0012', '731': '0001', '1118': '0001', '320': '2222', '321': '0100', '326': '0100', '734': '0001', '184': '1000', '802': '2221', '1015': '0001', '188': '0001', '282': '0002', '1010': '0011', '889': '0001', '427': '0101', '912': '0100', '146': '1002', '1090': '0002', '1091': '0112', '718': '0001', '1234': '0101', '460': '1000', '1179': '0111', '333': '0100', '265': '0001', '370': '1011', '90': '0100', '93': '0100', '161': '0010', '1227': '1010', '1069': '0001', '1042': '0002', '686': '1111', '1021': '2222', '1180': '0111', '1086': '0002', '944': '0001', '945': '0100', '1065': '0100', '1089': '0002', '1181': '2222', '1019': '0100', '724': '0001', '722': '0001', '438': '0102', '648': '0010', '373': '2212', '479': '0100', '680': '2222', '359': '0001'}
00079;{'882': '0001', '179': '1000', '452': '0100', '663': '0100', '330': '0101', '333': '0001', '132': '0001', '65': '0100', '135': '0101', '650': '2221', '255': '0100', '838': '0100', '320': '2220', '1112': '2222', '184': '1000', '1010': '1000', '427': '0100', '912': '0100', '146': '0002', '1091': '0101', '1234': '1100', '1179': '1100', '75': '1000', '123': '1121', '384': '2210', '315': '0010', '370': '1000', '1082': '2120', '826': '1001', '1023': '0001', '944': '1001', '945': '2210', '1065': '0100', '1089': '0001', '1181': '2222', '829': '0001', '438': '1121', '148': '0001', '648': '1211', '373': '1210', '923': '1210', '359': '1011', '1000': '0001'}
00089;{'590': '0010', '152': '0002', '469': '2222', '179': '0001', '905': '1210', '1086': '0001', '706': '1100', '1065': '0100', '778': '0100', '260': '2212', '265': '0002', '176': '2221', '177': '0110', '370': '1000', '479': '1000', '79': '1210', '912': '1101'}
00088;{'590': '1012', '678': '0110', '679': '0110', '1144': '0100', '668': '0001', '443': '0002', '945': '0100', '1091': '1211', '702': '0100', '457': '2222', '614': '2220', '370': '1011', '1134': '0001', '990': '0001'}
00085;{'200': '1002', '202': '1121', '469': '0001', '590': '0001', '982': '2120', '969': '0001', '888': '0001', '589': '1000', '98': '0001', '88': '1000', '179': '0002', '1118': '2222', '250': '0100', '724': '0001', '58': '0112', '1022': '0001', '1036': '0001', '1065': '0001', '29': '1212', '941': '0001', '733': '0001', '732': '0001', '1018': '2222', '1019': '0100', '438': '0001', '475': '2120', '983': '0100', '370': '1001', '432': '1000', '427': '0002', '912': '0001'}
00084;{'590': '0010', '837': '0001', '1086': '0001', '555': '1000', '952': '0100', '986': '1100', '778': '0010', '333': '0100', '346': '1000', '1112': '1001', '384': '1000', '1179': '0001', '8': '0102', '922': '1001', '160': '2221', '912': '0001'}
00087;{'1234': '0001', '631': '1001', '632': '0001', '401': '1100', '668': '0001', '1005': '2222', '228': '2222', '550': '0101', '333': '0101', '1134': '0101', '1032': '0100', '382': '0100', '1163': '0001', '229': '2222', '394': '0001', '1015': '2221', '485': '0001', '223': '1001', '513': '0101', '990': '0001', '1025': '0100', '833': '0001', '590': '1012', '860': '1210', '945': '0100', '1180': '0001', '1071': '0101', '1060': '2120', '819': '1001', '722': '0001', '187': '2222', '438': '1102', '369': '2222', '1007': '0100', '370': '1111', '812': '0101', '432': '2122', '1169': '0001'}
00086;{'1227': '0001', '590': '2211', '152': '1002', '1086': '0001', '555': '0001', '554': '2222', '577': '1000', '330': '0011', '271': '2212', '769': '1110', '238': '0110', '110': '1211', '135': '0101', '1173': '1100', '85': '0100', '1077': '0100', '952': '0001', '1071': '0001', '731': '0001', '1118': '0001', '346': '2111', '1112': '0001', '763': '0101', '1015': '0001', '505': '0101', '427': '0001', '586': '0001', '200': '0001', '1090': '0001', '990': '0002', '1232': '0001', '1234': '0001', '148': '1212', '384': '1000', '8': '2221', '1033': '0001', '160': '0112', '61': '0002', '944': '0101', '945': '0101', '1091': '0011', '1181': '0001', '722': '1011', '983': '2110', '370': '1011', '922': '0001', '1000': '0101'}
00081;{'586': '0001', '1234': '0001', '592': '0010', '990': '0002', '1092': '2220', '195': '0001', '551': '0001', '550': '0001', '1134': '0001', '132': '0001', '546': '2212', '135': '0001', '253': '0010', '90': '1011', '93': '0010', '542': '2120', '1232': '0001', '31': '0010', '941': '1001', '731': '0001', '321': '2222', '326': '1011', '734': '2222', '438': '1121', '370': '1111', '944': '0001', '359': '0001', '729': '0001'}
00080;{'458': '2122', '459': '0100', '152': '0100', '1091': '0100', '884': '1000', '612': '1000', '451': '1000', '452': '0100', '453': '0100', '663': '0100', '330': '0001', '333': '0101', '460': '2222', '61': '1000', '238': '1010', '1179': '0100', '135': '0100', '1227': '2222', '1042': '1101', '696': '2220', '1078': '2122', '1010': '1000', '945': '1101', '1065': '0100', '1180': '0100', '1071': '0101', '159': '1100', '722': '0001', '438': '0100', '1234': '1101', '800': '1111', '753': '1212', '427': '0100', '912': '0001'}
00083;{'590': '0011', '988': '0100', '989': '0100', '1143': '1220', '1091': '0100', '1171': '0100', '668': '0001', '447': '1100', '427': '0100', '609': '1000', '550': '0001', '463': '0001', '767': '0002', '430': '0001', '238': '0100', '1203': '1212', '394': '0100', '166': '2221', '912': '0001', '905': '0001', '18': '2121', '1074': '0100', '1170': '0100', '1102': '1120', '187': '0001', '1077': '0101', '366': '0100', '370': '1011', '505': '0101', '432': '1212', '517': '0001', '501': '0001'}
00082;{'458': '1010', '882': '0001', '152': '0002', '195': '0001', '197': '0001', '551': '0001', '330': '0001', '333': '0001', '132': '0001', '592': '0010', '238': '0001', '135': '2122', '253': '2112', '1000': '0001', '1232': '0001', '25': '2222', '837': '0001', '1078': '1000', '879': '0001', '952': '0001', '731': '0001', '543': '0012', '159': '1002', '321': '2222', '546': '2122', '734': '2122', '326': '2222', '189': '0001', '937': '0001', '889': '0001', '427': '0001', '327': '1012', '586': '0001', '990': '0001', '1092': '0001', '542': '2120', '331': '0001', '1234': '1102', '1150': '0001', '148': '0001', '550': '0001', '297': '0001', '90': '2222', '93': '2222', '912': '0001', '1227': '0001', '845': '0001', '1040': '0001', '1188': '0001', '904': '0001', '963': '2221', '31': '0002', '941': '0011', '724': '0001', '722': '0001', '438': '2222', '370': '1112', '826': '1000', '1003': '2220', '944': '0101', '359': '2112', '729': '0001'}
00005;{'605': '0100', '1223': '0001', '669': '0010', '604': '0002', '450': '0001', '763': '0001', '761': '0001', '333': '0001', '60': '0001', '132': '0001', '498': '1122', '499': '2122', '135': '0001', '505': '0001', '139': '0010', '497': '2121', '256': '2211', '856': '2121', '857': '1000', '1144': '2111', '169': '0001', '23': '2220', '1076': '0001', '1038': '0001', '410': '0001', '731': '0002', '733': '0002', '347': '0012', '343': '0002', '549': '0001', '502': '0100', '311': '0001', '500': '1012', '501': '0100', '568': '0001', '750': '0100', '990': '0002', '1092': '0002', '1093': '0002', '465': '1002', '561': '0010', '325': '1011', '461': '2120', '711': '0002', '701': '0001', '702': '1000', '265': '0010', '226': '0001', '1088': '0001', '189': '0001', '1188': '0001', '392': '0001', '861': '1212', '1064': '2220', '1185': '0001', '1091': '0001', '50': '0001', '867': '0101', '349': '0001', '724': '0002', '722': '0001', '935': '0001', '531': '0001', '299': '0001', '371': '0001', '370': '1211', '1226': '0001', '374': '2222', '729': '0001', '151': '2222', '590': '0001', '593': '2222', '592': '1001', '559': '0001', '1080': '0001', '982': '0002', '312': '0001', '197': '0001', '888': '0002', '190': '0001', '553': '1001', '864': '0001', '114': '0011', '633': '2122', '503': '2221', '434': '0001', '496': '2120', '895': '2210', '980': '2120', '876': '0002', '47': '2221', '875': '2222', '1196': '1000', '524': '1010', '428': '0001', '520': '1000', '1019': '0001', '369': '0001', '420': '0001', '427': '0001', '200': '0001', '1175': '1120', '1156': '0001', '298': '0001', '772': '0100', '1098': '0001', '441': '0001', '440': '0010', '779': '0001', '975': '2112', '889': '0002', '533': '2211', '386': '1001', '297': '0001', '710': '2212', '478': '0001', '845': '0001', '1040': '0001', '843': '0002', '944': '0001', '788': '0001', '943': '0001', '925': '0001', '805': '2211', '439': '2222', '511': '1101', '437': '0001', '513': '0010', '1000': '0002', '430': '1001', '516': '1010'}
00004;{'604': '2222', '540': '0100', '539': '0100', '669': '1010', '876': '2222', '711': '2122', '503': '0001', '553': '0001', '538': '0100'}
00007;{'623': '2121', '633': '0100', '634': '0100', '1161': '0001', '669': '0010', '1027': '0100', '831': '0100', '386': '0001', '370': '0001', '166': '0002', '256': '0101', '171': '0001', '856': '2111', '857': '0100', '1054': '1100', '1057': '0100', '1056': '0100', '853': '0100', '1059': '0100', '45': '0100', '1064': '1120', '53': '0001', '640': '0010', '535': '0001', '410': '0100', '439': '0101', '371': '2122', '921': '0010'}
00006;{'586': '0001', '593': '1000', '592': '1010', '1092': '0001', '1093': '0002', '195': '0100', '441': '1000', '440': '0010', '370': '0110', '90': '1000', '25': '0010', '975': '1010', '963': '1000', '31': '2222', '875': '1120', '731': '0001', '722': '0001', '734': '0002', '438': '0001', '511': '0010', '326': '0001', '922': '0010', '503': '1220', '805': '1000'}
00001;{'151': '2211', '891': '0001', '593': '1000', '619': '0001', '737': '0100', '454': '0100', '311': '0001', '440': '0011', '461': '1121', '742': '0100', '1185': '0001', '1175': '0100', '392': '0001', '921': '1010', '139': '1222', '166': '0001', '1222': '0001', '835': '0001', '861': '0001', '875': '1121', '789': '0001', '526': '1011', '527': '1001', '520': '1010', '922': '1010', '522': '0001', '439': '0001', '441': '2122', '370': '1010', '827': '0010', '505': '0001', '502': '0002', '503': '1000', '533': '2222'}
00003;{'623': '0010', '604': '0002', '742': '1010', '1161': '0001', '1144': '1111', '311': '0011', '454': '1220', '190': '0001', '139': '2122', '347': '0010', '854': '0100', '856': '2112', '23': '1000', '950': '0010', '526': '1010', '40': '0010', '1196': '0002', '524': '0010', '345': '0010', '733': '1000', '527': '1220', '520': '0010', '325': '0001', '571': '0010', '309': '1000', '584': '0010', '633': '2222', '1172': '1000', '560': '0010', '561': '0001', '440': '1120', '1175': '0001', '246': '0001', '221': '0001', '967': '0001', '515': '1000', '356': '0010', '535': '0010', '533': '0001', '439': '0001', '370': '1001', '375': '2221', '374': '0001'}
00002;{'592': '0002', '498': '1000', '169': '1000', '434': '1001', '875': '1011', '454': '0100', '499': '1000'}
00009;{'414': '2222', '794': '2110', '1115': '0102', '370': '0001', '443': '0100', '165': '1122', '992': '1010', '174': '0001', '362': '0001', '1040': '0001'}
00008;{'605': '0001', '750': '0010', '771': '1000', '1125': '2220', '463': '0001', '710': '1000', '498': '1000', '169': '1000', '386': '1000', '496': '1000', '497': '0001', '23': '2112', '944': '0001', '875': '0001', '867': '1000', '322': '0100', '439': '1100', '370': '1000', '435': '0001', '503': '0001', '683': '2220', '499': '1122'}
